club_id,domestic_competition_id,squad_size,average_age,foreigners_number,foreigners_percentage,national_team_players,stadium_seats,stadium_name,last_season
11127,RU1,25,27.6,13,52,4,23000,Yekaterinburg Arena,2023
114,TR1,32,26.7,16,50,14,42590,Beşiktaş Park,2023
12,IT1,26,26.7,17,65.4,16,73261,Olimpico di Roma,2023
148,GB1,29,25.6,21,72.4,21,62062,Tottenham Hotspur Stadium,2023
157,BE1,25,25,13,52,8,19999,Ghelamco Arena,2023
1894,DK1,29,26.8,4,13.8,1,12000,PRO VENTILATION Arena,2023
190,DK1,27,25,14,51.9,9,38065,Parken,2023
192,NL1,25,24,9,36,0,19979,Parkstad Limburg Stadion,2017
19789,TR1,10,22.9,1,10,0,25745,Yeni Malatya Stadyumu,2021
2079,GR1,29,24.3,4,13.8,0,6350,Dimotiko Stadio Verias,2016
21957,GR1,0,,0,,0,3700,Dimotiko Gipedo Perivolia,2017
2414,DK1,19,25.1,9,47.4,4,10400,Nordstern Arena Horsens,2022
2457,PO1,25,24.2,13,52,4,37593,Estádio Nacional do Jamor,2021
2578,SC1,28,26.1,16,57.1,4,10696,McDiarmid Park,2023
2727,BE1,28,24.1,16,57.1,3,10020,King Power at Den Dreef Stadion,2023
28643,BE1,27,26.8,16,59.3,3,13290,Freethielstadion,2020
2990,PO1,26,25.2,6,23.1,0,29744,Estádio Cidade de Coimbra,2015
3057,BE1,28,23.7,17,60.7,10,27670,Maurice Dufrasne Stadion,2023
3690,RU1,27,25.7,4,14.8,0,15200,Lenin Stadion,2017
4795,L1,28,24.3,8,28.6,1,15800,Audi Sportpark,2016
511,SC1,24,25.3,13,54.2,3,11850,Kilmac Stadium at Dens Park,2023
5358,ES1,24,27.5,8,33.3,2,9128,El Alcoraz,2020
603,GB1,28,25.5,24,85.7,8,33280,Cardiff City Stadium,2018
60551,UKR1,26,26.5,4,15.4,4,31003,Dnipro-Arena,2023
6996,UKR1,0,,0,,0,10640,Avangard,2015
8024,PO1,28,25.2,21,75,1,5600,Estádio Municipal de Arouca,2023
868,TR1,28,26.6,17,60.7,5,20560,Eryaman Stadyumu,2023
903,SC1,24,26.8,19,79.2,5,20250,Easter Road Stadium,2023
969,FR1,24,25.4,12,50,6,32939,Stade de la Mosson,2023
989,GB1,28,25.9,19,67.9,13,11329,Vitality Stadium,2023
993,ES1,24,27.9,4,16.7,0,21822,Nuevo Arcángel,2014
1025,IT1,26,24.6,18,69.2,12,36462,Stadio Renato Dall’Ara,2023
1082,FR1,24,25.3,17,70.8,6,50186,Decathlon Arena-Stade Pierre-Mauroy,2023
1160,FR1,26,25.4,12,46.2,3,8033,Stade des Antonins,2020
11688,TR1,17,22.5,1,5.9,1,21500,Çotanak Spor Kompleksi,2022
124,SC1,29,27,21,72.4,8,50987,Ibrox Stadium,2023
1465,PO1,30,24.1,18,60,2,8000,Estádio António Coimbra da Mota,2023
2477,UKR1,0,,0,,0,28051,Stadion Ukraina,2019
2553,SC1,23,25.1,11,47.8,2,18128,"BBSP Stadium, Rugby Park",2023
2672,GR1,31,27.5,17,58.6,0,5915,Stadio Livadias,2022
2740,UKR1,25,24.2,8,32,2,23842,Vorskla im. Oleksiy Butovskyi,2023
3008,GB1,28,25,17,60.7,6,25586,MKM Stadium,2016
31,GB1,26,25.5,21,80.8,17,54074,Anfield,2023
336,PO1,27,24.4,13,48.1,8,50095,Estádio José Alvalade XXI,2023
3911,FR1,24,25.7,6,25,4,15220,Stade Francis-Le Blé,2023
4,L1,33,25.2,7,21.2,2,50000,Max-Morlock-Stadion,2018
410,IT1,36,24.3,31,86.1,8,25144,Bluenergy Stadium,2023
41231,RU1,26,26.3,10,38.5,2,45994,Fisht Olympic Stadium,2023
4128,RU1,26,26,0,,0,17000,Zvezda,2017
449,TR1,32,25.2,16,50,15,40782,Papara Park,2023
4603,GR1,28,24.2,6,21.4,0,13108,Stadio Alkazar,2020
55686,UKR1,29,25.7,3,10.3,0,4700,Livyi Bereg Arena,2023
566,BE1,0,,0,,0,12771,Olympisch Stadion,2012
595,FR1,25,27.6,8,32,6,16480,Stade Armand-Cesari,2016
6890,TR1,34,25.4,16,47.1,9,17156,Başakşehir Fatih Terim,2023
7185,GR1,29,24.3,3,10.3,0,5601,Stadio Komotinis OPAP,2015
83678,UKR1,25,26.1,7,28,0,10640,Avangard,2022
932,RU1,27,23.9,3,11.1,9,27084,RZD Arena,2023
1010,GB1,30,26.3,24,80,12,21577,Vicarage Road,2021
1108,ES1,23,25.1,9,39.1,3,19840,Mendizorroza,2023
1124,RU1,26,27.5,3,11.5,1,21793,Central Stadium of Profsoyuzes,2023
1158,FR1,30,24.5,14,46.7,10,19010,Stade du Moustoir,2023
1177,DK1,25,23.3,5,20,4,10000,JYSK Park,2023
13,ES1,24,28.5,14,58.3,14,67829,Civitas Metropolitano,2023
131,ES1,21,26,10,47.6,16,55926,Olímpic Lluís Companys,2023
133,NL1,16,23.1,4,25,3,10250,Cambuurstadion,2022
141,TR1,30,25.2,16,53.3,14,52223,Ali Sami Yen Spor Kompleksi RAMS Park,2023
1411,BE1,0,,0,,0,12662,Stade Charles Tondreau,2013
169,GR1,34,23.5,4,11.8,0,11700,Stadio Neas Smyrnis,2019
18,L1,31,25.1,17,54.8,8,54042,Stadion im Borussia-Park,2023
18105,UKR1,3,18.3,0,,0,3742,Stadion SKIF,2022
2036,L1,28,25.6,5,17.9,1,15000,Voith-Arena,2023
273,FR1,25,24,10,40,7,29778,Roazhon Park,2023
3325,PO1,27,25.6,15,55.6,4,9000,Estádio Municipal Eng.º Manuel Branco Teixeira,2023
3327,PO1,28,27.9,4,14.3,0,5230,Estádio Municipal 25 de Abril,2014
366,ES1,22,27.2,11,50,6,27618,Nuevo José Zorrilla,2022
4294,PO1,28,27.4,15,53.6,2,7000,Estádio São Luís,2023
458,IT1,28,25.6,7,25,4,36365,Comunale Renzo Barbera La Favorita,2016
46,IT1,25,28.2,16,64,19,75923,Giuseppe Meazza,2023
5220,GR1,3,23.3,0,,0,25780,Pankritio Stadio,2014
5572,GR1,26,27.2,7,26.9,2,22700,Panthessaliko Stadio,2014
5817,DK1,30,24,9,30,1,10000,Sydbank Park,2021
605,GR1,29,28.3,24,82.8,3,22800,Gipedo Kleanthis Vikelidis,2023
995,FR1,28,25.4,15,53.6,9,37463,Stade de la Beaujoire,2023
1003,GB1,25,27.1,14,56,11,32273,King Power Stadium,2022
1237,GB1,26,25.5,19,73.1,13,31800,AMEX Stadium,2023
1436,PO1,26,26.6,8,30.8,0,32830,Estádio Municipal de Aveiro,2012
1455,NL1,29,23.3,12,41.4,1,4235,Matchoholic Stadion,2014
14589,RU1,28,25.1,14,50,7,10046,Gazovik,2023
1519,SC1,25,24.7,8,34.8,2,14223,Tannadice Park,2022
16239,UKR1,0,,0,,0,12060,Stadion im. Yuriya Gagarina,2021
173,DK1,26,24.2,14,53.8,5,15790,Nature Energy Park,2023
200,NL1,26,24.9,14,53.8,3,23750,Stadion Galgenwaard,2023
206,DK1,24,25.2,11,45.8,4,28000,Brøndby Stadion,2023
2715,BE1,22,23.5,13,59.1,2,6744,Stade du Paray,2022
28956,GR1,0,,0,,0,4000,Stadio Mytilinis,2015
2969,FR1,29,25.8,14,48.3,4,16098,Stade Gaston-Gérard,2020
2995,PO1,32,25.5,17,50,1,9076,Estádio Capital do Móvel,2022
3426,DK1,27,22.7,10,37,2,16942,Blue Water Arena,2019
3522,IT1,32,24.4,25,78.1,11,11676,Alberto Picco,2022
3609,RU1,27,23.9,2,7.4,0,45568,Volgograd Arena,2020
39097,UKR1,23,26.7,1,4.3,0,5103,Obolon-Arena,2023
39722,TR1,28,26.1,7,25,1,23700,Erzurum Kazım Karabekir,2020
40,FR1,26,22.7,13,50,6,42115,Matmut Atlantique,2021
41274,BE1,26,23.9,12,46.2,2,12771,Olympisch Stadion,2021
43,SC1,28,26,16,57.1,7,19852,Tynecastle Park,2023
47,GR1,27,24.3,9,33.3,0,27770,Kaftanzoglio Stadio,2016
4750,PO1,10,23.4,5,50,0,10080,Estádio José Arcanjo,2013
589,TR1,34,25.8,15,44.1,5,32537,Corendon Airlines Park Antalya Stadı,2023
6,TR1,10,23.9,4,40,0,33000,Yeni Adana Stadyumu,2016
6195,IT1,27,25.8,17,63,16,54726,Stadio Diego Armando Maradona,2023
82,L1,29,24,19,65.5,12,28917,Volkswagen Arena,2023
1050,ES1,24,28.4,8,33.3,6,23500,La Cerámica,2023
1096,BE1,28,24.4,14,50,4,16144,De Bosuil,2023
1147,FR1,24,27.5,11,45.8,6,10446,Stade François-Coty,2022
130,IT1,30,24.9,23,76.7,6,22352,Ennio Tardini,2020
1429,IT1,28,26,4,14.3,0,23860,Orogel Stadium - Dino Manuzzi,2014
15,L1,27,24.1,21,77.8,17,30210,BayArena,2023
16247,UKR1,0,,0,,0,5100,Obolon,2017
20100,DK1,0,,0,,0,10000,Harboe Arena,2014
20698,TR1,22,22,1,4.5,0,15800,Balıkesir Atatürk,2014
2323,TR1,3,20,0,,0,11024,19 Eylül Stadyum,2012
2722,IT1,32,26,8,25,2,16134,Paolo Mazza,2019
276,IT1,33,25.2,22,66.7,7,39211,Marcantonio Bentegodi,2023
3329,PO1,27,23.3,19,70.4,4,5305,Estádio Municipal de Famalicão,2023
3691,RU1,0,,0,,0,10028,Trud,2016
370,SC1,26,24.8,18,69.2,5,22199,Pittodrie Stadium,2023
475,BE1,30,23,13,43.3,4,14600,Daio Wasabi Stayen Stadium,2023
49364,UKR1,23,25.7,2,8.3,0,1720,Stadion Ingulets,2022
498,BE1,0,,0,,0,12000,Daknamstadion,2018
524,TR1,0,,0,,0,33502,Gaziantep Stadyumu,2016
553,GR1,17,28.4,11,64.7,0,5500,Dimotiko Gipedo Neapolis,2022
642,NL1,30,23.7,6,20,0,12600,Stadion De Vijverberg,2018
6676,GR1,29,26.1,17,58.6,1,7423,Gipedo Theodoros Kolokotronis,2023
703,GB1,32,26.3,27,84.4,20,30445,The City Ground,2023
80,L1,30,27.1,14,46.7,3,26000,Vonovia Ruhrstadion,2023
976,PO1,0,,0,,0,2500,Centro Desportivo da Madeira,2015
1031,GB1,25,27,12,48,7,10226,Kenilworth Road,2023
1071,GB1,26,24,8,30.8,2,25133,DW Stadium,2012
1090,NL1,28,23,10,35.7,4,19478,AFAS Stadion,2023
1110,GB1,33,26.7,12,36.4,3,24500,John Smith's Stadium,2018
11126,RU1,0,,0,,0,44442,Mordovia Arena,2015
1159,FR1,27,25.7,5,18.5,0,20087,Stade Marcel-Picot,2016
12438,RU1,0,,0,,0,17856,Zentralstadion Lokomotiv,2013
1301,PO1,29,27.2,19,65.5,2,10600,Estádio do Marítimo,2022
1304,NL1,30,23.6,14,46.7,1,12080,Erve Asito,2023
1421,FR1,24,24.6,18,75,10,21684,Stade Auguste-Delaune,2023
1423,FR1,30,23.6,15,50,5,25000,Stade du Hainaut,2013
162,FR1,27,23.6,27,100,15,17000,Stade Louis-II,2023
20,TR1,26,21.4,0,,0,43361,Bursa Büyükşehir Belediye Stadyumu,2018
235,NL1,27,24.9,13,48.1,3,7508,Mandemakers Stadion,2023
24,L1,34,24.2,20,58.8,9,55000,Deutsche Bank Park,2023
2441,GR1,32,27.4,23,71.9,15,32500,OPAP Arena,2023
2861,BE1,26,23.3,14,50,2,8432,Diaz Arena,2022
294,PO1,25,25.1,15,60,11,64642,Estádio da Luz,2023
3060,GR1,30,25.6,16,53.3,5,9050,Stadio Peristeriou,2023
331,ES1,24,27.8,4,16.7,3,23576,El Sadar,2023
3336,PO1,0,,0,,0,5441,Estádio CD das Aves,2019
3709,ES1,24,27,13,54.2,6,16800,Coliseum,2023
383,NL1,27,24.5,14,51.9,10,35000,Philips Stadion,2023
499,NL1,26,23.3,11,42.3,5,21248,GelreDome,2023
610,NL1,25,23.3,13,52,11,55600,Johan Cruijff ArenA,2023
6414,UKR1,0,,0,,0,38685,OSK Metalist,2015
6993,UKR1,0,,0,,0,12680,Stadion im. Volodymyra Boyko,2021
750,FR1,29,23,9,31,1,20005,Stade Auguste-Bonal,2013
762,GB1,29,27,14,48.3,12,52338,St James' Park,2023
825,TR1,41,23.9,1,2.4,0,34930,Eskişehir Yeni Stadyum,2015
1041,FR1,26,25,16,61.5,5,59186,Groupama Stadium,2023
10690,UKR1,31,23.2,5,16.1,2,4700,Livyi Bereg Arena,2023
1084,ES1,27,27.9,8,29.6,0,30044,La Rosaleda,2017
1148,GB1,28,25.7,20,71.4,16,17250,Gtech Community Stadium,2023
1162,FR1,27,25.7,12,44.4,4,20500,Stade Michel-d'Ornano,2018
1184,BE1,25,23,18,72,10,24956,Cegeka Arena,2023
1186,RU1,28,25.6,6,23.1,3,81000,Luzhniki Stadium,2022
128,GR1,0,,0,,0,7361,Xanthi Arena,2019
1283,NL1,17,25.6,6,35.3,0,8309,De Oude Meerdijk,2022
142,ES1,23,26,6,26.1,1,33608,La Romareda,2012
16,L1,28,25.3,13,46.4,19,81365,SIGNAL IDUNA PARK,2023
202,NL1,29,22.9,10,34.5,1,22555,Euroborg,2022
2288,GB1,22,24.8,17,77.3,4,21088,Swansea.com Stadium,2017
237,ES1,23,28.1,10,43.5,5,20500,Mallorca Son Moix,2023
2381,TR1,28,28.3,13,46.4,4,27532,Yeni 4 Eylül Stadı,2023
2423,PO1,38,25.4,20,52.6,2,12500,Estádio de São Miguel,2022
2425,PO1,25,27.2,11,44,0,5300,Estádio dos Arcos,2023
2451,SC1,26,24.5,9,34.6,0,7750,Tulloch Caledonian Stadium,2016
265,GR1,29,28.4,23,79.3,10,15000,Apostolos Nikolaidis,2023
2832,TR1,32,26.5,15,46.9,5,33502,Kalyon Stadyumu,2023
3558,FR1,5,26.8,1,20,1,4050,Stade Ange-Casanova,2015
4102,IT1,25,23.6,6,24,1,5510,Sandro Cabassi,2015
42,L1,28,25,6,21.4,1,49000,Heinz-von-Heiden-Arena,2018
641,GB1,25,26.1,8,32,6,33746,Riverside Stadium,2016
667,FR1,27,24,14,51.9,9,26109,Stade de la Meinau,2023
681,ES1,26,24.7,7,26.9,9,39313,Reale Arena,2023
873,GB1,27,25.8,12,44.4,8,26047,Selhurst Park,2023
1032,GB1,30,23.1,14,46.7,5,24161,Select Car Leasing Stadium,2012
1039,GB1,26,25.9,15,57.7,8,18360,Loftus Road Stadium,2014
1244,ES1,23,28.6,8,34.8,3,12454,Butarque,2019
14171,FR1,27,27.4,6,22.2,1,2500,Stade Camille Fournier,2014
16704,RU1,23,24.4,13,56.5,9,35179,Stadion Krasnodar,2023
19771,TR1,14,21,0,,0,12139,Spor Toto Akhisar Stadyumu,2018
244,FR1,24,25.5,19,79.2,16,67394,Orange Vélodrome,2023
29228,BE1,0,,0,,0,10830,Le Canonnier,2020
3216,TR1,0,,0,,0,25000,Mersin Stadyumu,2015
3508,BE1,25,25.2,13,52,3,12250,Elindus Arena,2022
354,BE1,27,24,9,33.3,2,16672,AFAS Stadion,2023
367,ES1,25,28.2,11,44,6,15105,Campo de Fútbol de Vallecas,2023
379,GB1,25,27.7,18,72,14,62500,London Stadium,2023
380,IT1,27,26.4,21,77.8,11,29739,Arechi,2023
403,NL1,27,25.9,7,25.9,0,14700,Koning Willem II Stadion,2021
40426,RU1,0,,0,,0,20985,Petrovsky,2017
41,L1,30,23.6,15,50,4,57000,Volksparkstadion,2017
443,DK1,24,25.4,17,70.8,4,10418,Vejle Stadion,2023
5724,DK1,27,24.7,13,48.1,2,10300,Cepheus Park Randers,2023
601,BE1,29,24.3,19,65.5,6,9399,Guldensporenstadion,2023
79,L1,28,23.6,11,39.3,6,60449,MHPArena Stuttgart,2023
86,L1,24,26.3,10,41.7,6,42100,Wohninvest-Weserstadion,2023
931,GB1,26,27.3,24,92.3,14,25700,Craven Cottage,2023
964,RU1,25,26.2,12,48,8,63026,Gazprom Arena,2023
1123,GB1,25,26,17,68,12,27244,Carrow Road,2021
1268,NL1,34,23.5,9,26.5,4,15000,Bingoal Stadion,2020
1506,TR1,0,,0,,0,12400,Dr. Necmettin Şeyhoğlu,2017
1531,ES1,18,27.3,5,27.8,0,31388,Manuel Martínez Valero,2022
2282,BE1,29,24.1,18,62.1,9,29062,Jan-Breydel-Stadion,2023
2293,TR1,29,26.6,12,41.4,4,42000,Medaş Konya Büyükşehir Stadyumu,2023
23611,UKR1,0,,0,,0,1678,NTK im. B. M. Bannikova,2020
2431,PO1,27,26.4,19,70.4,3,9288,Estádio José Gomes,2023
2698,RU1,33,26.3,14,42.4,6,45379,Ak Bars Arena,2023
2760,SC1,19,27.9,1,5.3,0,10102,The Energy Check Stadium at Firhill,2017
2944,TR1,30,23.8,1,3.3,0,19626,Osmanlı Stadı,2017
36,TR1,29,27.1,16,55.2,16,47834,Ülker Stadyumu FB Şükrü Saraçoğlu Spor Kompleksi,2023
385,NL1,24,24.9,17,70.8,3,12500,Fortuna Sittard Stadion,2023
468,NL1,23,24.7,13,56.5,3,11026,Sparta-stadion Het Kasteel,2023
583,FR1,29,25,17,58.6,18,49691,Parc des Princes,2023
621,ES1,25,27.1,1,4,4,53289,San Mamés,2023
65,L1,28,24,11,39.3,2,16626,Sportpark Ronhof | Thomas Sommer,2021
6646,TR1,28,26.7,16,57.1,6,74753,Atatürk Olimpiyat,2023
683,GR1,32,26.2,23,71.9,9,32115,Stadio Georgios Karaiskakis,2023
723,NL1,27,24.6,14,51.9,1,4500,Yanmar Stadion,2023
855,FR1,27,25.4,7,25.9,1,18120,Stade du Roudourou,2018
924,TR1,31,25.4,14,45.2,5,7500,Esenyurt Necmi Kadıoğlu Stadyumu,2023
968,BE1,31,24.3,19,61.3,5,8035,Het Kuipje,2023
985,GB1,31,25.6,22,71,22,74879,Old Trafford,2023
11282,TR1,29,25.2,13,44.8,5,10128,Kırbıyık Holding Stadyumu,2023
1132,GB1,33,24.4,25,75.8,14,21994,Turf Moor,2023
1435,NL1,27,24,10,37,2,9909,De Adelaarshorst,2023
150,ES1,25,27.5,13,52,7,60721,Benito Villamarín,2023
152,TR1,31,26.2,15,48.4,4,33919,Samsun Yeni 19 Mayıs Stadyumu,2023
172,BE1,30,24.2,20,66.7,8,15000,Stade du Pays de Charleroi,2023
18303,UKR1,27,23.4,3,11.1,1,7000,KSK Nika,2023
2410,RU1,24,24.2,8,33.3,7,30114,VEB Arena,2023
2503,PO1,28,23.9,14,50,4,28263,Estádio do Bessa Século XXI,2023
26459,UKR1,25,27,2,8,0,7122,Stadion Avangard (2022),2023
2671,GR1,32,25.3,14,43.8,0,7652,Stadio Zosimades,2023
2700,RU1,0,,0,,0,1600,RDYuSSh MinObrNauki RD Politekh Makhachkala,2018
28095,RU1,26,24.4,3,11.5,0,15132,Neftyanik,2021
2999,SC1,28,22.8,9,32.1,0,6018,Fountain of Youth Stadium,2020
3368,ES1,23,27.5,6,26.1,0,26354,Ciutat de València,2021
338,UKR1,25,24.2,3,12,7,16873,Valeriy Lobanovsky Stadion,2023
371,SC1,32,25.1,25,78.1,15,60832,Celtic Park,2023
506,IT1,24,26.6,12,50,16,41507,Allianz Stadium,2023
618,FR1,29,25.1,8,27.6,3,42000,Stade Geoffroy-Guichard,2021
6992,UKR1,22,25.1,6,27.3,0,34164,Stadion Chornomorets (2011),2023
820,TR1,34,26.1,10,29.4,1,20560,Eryaman Stadyumu,2020
1083,RU1,26,24.5,2,7.7,7,45415,Rostov Arena,2023
1095,FR1,29,23.1,16,57.1,5,21877,Stade de l'Aube,2022
121,RU1,27,25.1,11,40.7,10,25716,VTB-Arena,2023
1420,FR1,27,24.2,12,44.4,5,19350,Stade Raymond Kopa,2022
16245,UKR1,0,,0,,0,5826,SK Sevastopol,2013
22110,DK1,23,24.6,4,17.4,1,4000,Helsingør Ny Stadion,2017
23826,L1,27,24.9,18,66.7,18,47069,Red Bull Arena,2023
24245,TR1,12,25.8,3,30,1,3513,Ümraniye Belediyesi Şehir Stadı,2022
2687,ES1,28,28.5,8,28.6,2,21094,Nuevo Mirandilla,2023
2696,RU1,27,24.9,7,25.9,6,42347,Solidarnost Samara Arena,2023
2919,IT1,30,26.4,11,36.7,3,16917,U-Power Stadium - Brianteo,2023
317,NL1,26,23.8,10,38.5,3,30205,De Grolsch Veste,2023
3209,TR1,28,29,14,50,3,2500,Pendik Stadı,2023
339,UKR1,0,,0,,0,24381,Meteor,2016
3524,FR1,24,26.4,15,62.5,5,13000,Stade Gabriel-Montpied,2023
398,IT1,29,26.8,17,58.6,10,73261,Olimpico di Roma,2023
4171,IT1,31,26.7,16,51.6,2,16867,Ciro Vigorito,2020
418,ES1,23,27.1,15,65.2,19,81044,Santiago Bernabéu,2023
49702,RU1,25,25.5,9,36,7,44242,Nizhny Novgorod Stadium,2023
54189,BE1,31,24.6,18,58.1,2,11000,Edmond Machtensstadion,2023
6574,IT1,27,25.9,16,59.3,10,21584,Mapei Stadium - Città del Tricolore,2023
7179,PO1,26,22.8,12,46.2,2,5000,Estádio João Cardoso,2021
720,PO1,28,26,18,64.3,7,50033,Estádio do Dragão,2023
738,FR1,29,24.6,16,55.2,6,25178,Stade Océane,2023
89,L1,28,26.8,16,57.1,12,22012,Stadion An der Alten Försterei,2023
940,ES1,24,26.1,11,45.8,9,29000,Abanca Balaídos,2023
1387,IT1,20,25.5,2,10,0,15373,Artemio Franchi,2012
1390,IT1,30,26.8,14,46.7,9,16416,Unipol Domus,2023
1416,FR1,24,24.1,10,41.7,7,12999,Stade Crédit Agricole la Licorne,2019
1467,TR1,31,23.3,10,32.3,0,19713,Gürsel Aksel Stadyumu,2021
167,L1,32,24.6,20,62.5,6,30660,WWK ARENA,2023
232,RU1,27,24.9,9,33.3,13,44571,Otkrytie Bank Arena,2023
2420,PO1,30,24.6,13,43.3,4,30029,Estádio D. Afonso Henriques,2023
2424,PO1,28,24.3,17,60.7,3,12046,Estádio Cidade de Barcelos,2023
2439,RU1,0,,0,,0,31654,Kuban Stadium,2015
2703,RU1,0,,0,,0,32464,Republican Stadium Spartak,2012
289,GB1,26,23.5,12,46.2,6,48707,Stadium of Light,2016
2921,IT1,28,24.6,6,21.4,1,20476,Adriatico,2016
3,L1,31,25.1,8,25.8,6,50000,RheinEnergieSTADION,2023
3719,RU1,26,24.7,7,26.9,1,18636,Arena Khimki,2022
3729,RU1,27,27.4,2,7.4,1,19241,Arsenal,2021
3840,TR1,32,26.6,17,53.1,7,33000,Yeni Adana Stadyumu,2023
430,IT1,31,24.5,16,51.6,13,43147,Artemio Franchi,2023
4482,UKR1,0,,0,,0,12080,Stadion Avangard,2016
48726,UKR1,31,23.3,5,16.1,1,34725,Arena Lviv,2023
5,IT1,28,25.9,21,75,15,75923,Giuseppe Meazza,2023
512,GB1,24,26.7,9,37.5,6,30089,bet365 Stadium,2017
5818,DK1,22,24.8,4,18.2,2,7500,DS Arena,2019
60949,GR1,28,25.9,16,57.1,2,22700,Panthessaliko Stadio,2023
678,DK1,28,24.4,11,39.3,3,19433,Ceres Park,2023
7775,TR1,30,24.2,15,50,5,25000,Mersin Stadyumu,2023
826,FR1,29,25.5,15,51.7,12,38223,Stade Bollaert-Delelis,2023
8838,UKR1,7,27.4,0,,0,14628,Zirka,2017
897,ES1,24,27.7,3,12.5,0,32912,Abanca Riazor,2017
987,SC1,22,25.6,15,68.2,5,13750,Fir Park,2023
1063,DK1,25,22.7,14,56,4,10000,Viborg Stadion,2023
1085,PO1,29,26,10,34.5,0,18642,Estádio do Bonfim,2019
11,GB1,25,25.2,18,72,21,60704,Emirates Stadium,2023
126,TR1,36,23.9,18,50,6,15332,Çaykur Didi,2023
1627,IT1,27,26,5,18.5,0,20204,Cibali - Angelo Massimino,2013
16795,ES1,24,27.7,7,29.2,4,19336,Nuevo Los Cármenes,2023
204,BE1,0,,0,,0,14538,Herman Vanderpoortenstadion,2014
2227,UKR1,0,,0,,0,19978,RS Lokomotiv,2013
2239,IT1,29,25.4,9,30,2,16003,Giovanni Zini,2022
252,IT1,27,26.3,20,74.1,8,34901,Luigi Ferraris,2023
281,GB1,24,26.6,17,70.8,20,55017,Etihad Stadium,2023
3302,ES1,25,25,13,52,5,18331,Power Horse Stadium,2023
39,L1,27,26.1,13,48.1,7,33305,Mewa Arena,2023
3999,GR1,36,28.3,21,58.3,4,5500,Stadio Lamia Athanasios Diakos,2023
405,GB1,26,26.6,19,73.1,15,42682,Villa Park,2023
441,GR1,27,27.3,15,55.6,0,11700,Stadio Neas Smyrnis,2021
5219,GR1,8,28.1,1,12.5,0,3000,Ethniko Stadio Kerkyras,2017
543,GB1,26,25.5,22,84.6,14,32050,Molineux Stadium,2023
60,L1,27,25.9,9,33.3,9,34700,Europa-Park Stadion,2023
61825,UKR1,27,24.9,1,3.7,0,1312,Minaj-Arena,2023
63007,UKR1,26,28,0,,0,10321,Cherkasy-Arena,2023
660,UKR1,34,23.6,11,32.4,15,34725,Arena Lviv,2023
6894,TR1,0,,0,,0,2000,Kayseri Atatürk Spor Kompleksi Yan Açık Saha,2014
6912,PO1,26,24.7,19,73.1,3,6565,Estádio do Vizela,2023
714,ES1,26,25.4,6,23.1,4,40500,RCDE Stadium,2022
798,NL1,29,22.9,12,41.4,1,4400,Van Donge & De Roo Stadion - Woudestein,2023
862,IT1,0,,0,,0,31045,Marcantonio Bentegodi,2018
8970,IT1,31,24.5,18,58.1,2,16227,Benito Stirpe,2023
9007,UKR1,0,,0,,0,70050,NSK Olimpisky,2018
12321,ES1,25,26.5,11,44,6,13286,Montilivi,2023
1241,SC1,29,27,16,55.2,2,9512,Tony Macaroni Arena,2023
127,L1,26,25.7,5,19.2,1,15000,Home Deluxe Arena,2019
19,IT1,28,25.1,12,42.9,1,19550,Mario Rigamonti,2019
23,L1,30,25.6,11,36.7,2,23325,EINTRACHT-Stadion,2013
33,L1,27,26.4,12,44.4,4,62271,Veltins-Arena,2022
350,GB1,30,25.3,18,60,7,32702,Bramall Lane,2023
3592,UKR1,31,24.6,7,22.6,3,2500,Girnyk,2023
369,DK1,24,25.1,8,33.3,4,10000,Lyngby Stadion,2023
3725,RU1,27,26.6,12,44.4,5,30200,Akhmat-Arena,2023
41201,RU1,0,,0,,0,44149,Mordovia Arena,2020
472,ES1,26,26.5,8,30.8,3,32400,Estadio de Gran Canaria,2023
520,BE1,24,23,15,62.5,4,29062,Jan-Breydel-Stadion,2023
6418,GR1,29,25.3,12,41.4,4,7321,Gipedo Panetolikou,2023
653,GR1,26,27.8,15,57.7,4,9088,Gipedo Theodoros Vardinogiannis,2023
6994,UKR1,0,,0,,0,11883,Slavutych Arena,2015
7378,PO1,27,24.1,20,74.1,2,6000,Portimonense Estádio,2023
982,PO1,27,25,12,44.4,2,5586,Estádio da Madeira,2020
1005,IT1,31,23.4,23,74.2,6,31559,Ettore Giardiniero,2023
1038,IT1,33,24.3,5,15.6,4,36348,Luigi Ferraris,2022
1091,GR1,29,26.5,21,72.4,8,28703,Toumba Stadium,2023
1210,IT1,29,24.1,5,17.2,0,19238,Armando Picchi,2013
1245,BE1,27,24,18,66.7,6,8331,Kehrweg-Stadion,2023
1426,NL1,28,22.9,7,25,0,8000,Covebo Stadion - De Koel,2020
1533,ES1,26,28.3,5,19.2,0,8164,Ipurua,2020
180,GB1,29,24.5,20,69,13,32384,St Mary's Stadium,2022
19657,DK1,24,25.1,7,29.2,0,10000,Nord Energi Arena,2018
234,NL1,27,23.6,14,51.9,16,47500,Stadion Feyenoord De Kuip,2023
2375,TR1,31,25.3,3,9.7,0,15000,Alsancak Mustafa Denizli Stadı,2021
2448,ES1,28,26.2,10,35.7,2,29029,El Molinón - Enrique Castro Quini,2016
2741,RU1,25,26.3,11,44,3,35000,Rostech Arena,2023
2783,UKR1,0,,0,,0,5090,Metalurg,2014
3205,TR1,30,25.4,14,46.7,6,32864,RHG Enertürk Enerji Stadyumu,2023
3349,PO1,24,25,11,45.8,2,5401,Estádio Marcolino de Castro,2018
3385,GR1,34,25.7,14,41.2,5,9500,Dimotiko Gipedo Serron,2023
368,ES1,28,28,18,64.3,8,43883,Ramón Sánchez-Pizjuán,2023
38,L1,29,25.9,12,41.4,2,54600,MERKUR SPIEL-ARENA,2019
3948,BE1,25,24.6,17,68,6,8000,Stade Joseph Mariën,2023
415,FR1,31,22.6,23,74.2,8,33150,Stadium Municipal,2023
416,IT1,26,24.7,21,80.8,14,28177,Stadio Olimpico Grande Torino,2023
417,FR1,29,23.7,14,48.3,11,36178,Allianz Riviera,2023
44,L1,36,24.1,14,38.9,7,74667,Olympiastadion Berlin,2022
467,NL1,24,24.1,9,37.5,1,12500,Goffertstadion,2023
53646,UKR1,28,26.1,6,21.4,1,5928,Tsentralnyi Polissya,2023
631,GB1,30,23.1,20,66.7,20,40853,Stamford Bridge,2023
749,IT1,29,25.3,12,41.4,8,19847,Carlo Castellani,2023
833,TR1,27,25.8,3,11.1,1,18745,Denizli Atatürk Stadı,2020
865,DK1,26,25.1,18,69.2,9,11535,MCH Arena,2023
10,L1,27,25.3,15,55.6,4,26515,SchücoArena,2021
10484,TR1,24,25.4,11,45.8,2,13856,Recep Tayyip Erdoğan Stadyumu,2023
1049,ES1,23,24.4,9,39.1,7,49430,Mestalla,2023
1053,DK1,27,24.5,10,37,0,13800,Aalborg Portland Park,2022
1075,PO1,26,27.2,15,57.7,7,30286,Estádio Municipal de Braga,2023
1269,NL1,26,24.8,11,42.3,0,14000,MAC³PARK stadion,2023
132,NL1,32,23.7,10,31.3,2,19000,Rat Verlegh Stadion,2018
2292,TR1,28,25.3,0,,0,23000,Elazığ Stadyumu,2013
27,L1,26,25.8,14,53.8,18,75024,Allianz Arena,2023
2759,SC1,27,25.7,15,55.6,1,6541,Global Energy Stadium,2023
2778,DK1,28,22.1,11,39.3,4,10300,Right to Dream Park,2023
29,GB1,25,26.6,11,44,6,39571,Goodison Park,2023
290,FR1,26,24.3,15,55.6,6,18541,Stade de l'Abbé-Deschamps,2022
30120,GR1,28,26.7,14,50,2,0,Gipedo Kesarianis Michalis Kritikopoulos,2023
306,NL1,23,24,11,47.8,4,27224,Abe Lenstra Stadion,2023
3268,PO1,27,25.2,15,55.6,4,6925,Estádio Municipal de Rio Maior,2023
347,FR1,29,24.8,21,72.4,9,28786,Stade Saint-Symphorien,2023
3714,RU1,26,25.6,2,7.7,1,15000,Zentralstadion Krasnoyarsk,2018
399,GB1,27,24.6,18,66.7,9,37890,Elland Road,2022
4083,IT1,25,27,6,24,1,16640,Ezio Scida,2020
465,SC1,22,25.9,17,77.3,5,8023,The SMISA Stadium,2023
48332,UKR1,28,26.5,4,14.3,1,5050,Kolos,2023
533,L1,30,25.6,13,43.3,12,30150,PreZero Arena,2023
58,BE1,29,24.9,15,51.7,11,21500,Lotto Park,2023
607,IT1,27,25.6,17,63,5,11150,Pier Luigi Penzo,2021
68608,PO1,30,25.7,5,16.7,0,19980,Estádio do Restelo,2017
724,NL1,30,21.9,14,46.7,3,7384,Kras Stadion,2023
800,IT1,25,26.6,17,68,15,21747,Gewiss Stadium,2023
979,PO1,28,24.9,19,67.9,2,6153,Estádio C. J. de Almeida Freitas,2023
984,GB1,25,27.8,8,32,4,26850,The Hawthorns,2020
